[{"@type":"mappingTemplate","id":"@1","name":"Mapping_RESTV2","description":"","autoExpireObject":false,"bundleVersion":"0","assetFrsGuid":"3qZKGxwSH6RiU3CpM8cVoM","templateId":"@3","hasParameters":false,"valid":true,"fixedConnection":true,"hasParametersDeployed":false,"fixedConnectionDeployed":false,"isSchemaValidationEnabled":false,"tasks":0,"mappingPreviewFileRecordId":"@2","documentType":"MAPPING","allowMaxFieldLength":false,"references":[{"@type":"reference","refObjectId":"@8Aj9WHnCz2HgUNfRJTED8d","refType":"connection"},{"@type":"reference","refObjectId":"@5SLmmdWNQeNjlIuhvnWtut","refType":"connection"}]}]